qID,p_clip_real,p_clip_degraded,delta
heico__2044999,0.49721187353134155,0.8763194680213928,0.37910759449005127
heico__2045070,0.4990038275718689,0.8796695470809937,0.38066571950912476
heico__2045176,0.9753877520561218,0.8097242712974548,-0.165663480758667
heico__2041362,0.9238905310630798,0.802080512046814,-0.12181001901626587
heico__2045359,0.6462450623512268,0.794662594795227,0.14841753244400024
heico__2045379,0.5919032096862793,0.9964534044265747,0.4045501947402954
heico__2041574,0.985092043876648,0.9446858167648315,-0.040406227111816406
heico__2079844,0.8249300122261047,0.7686001062393188,-0.05632990598678589
heico__2045440,0.7716218829154968,0.6588528156280518,-0.11276906728744507
heico__2079845,0.8804222345352173,0.6934605240821838,-0.18696171045303345
heico__2045457,0.44663092494010925,0.7479113340377808,0.3012804090976715
heico__2045458,0.7524721026420593,0.6191211342811584,-0.13335096836090088
heico__2031412,0.9032678604125977,0.8159452676773071,-0.08732259273529053
heico__2045462,0.5454075336456299,0.5543748736381531,0.008967339992523193
heico__2031418,0.9340212345123291,0.9810438752174377,0.04702264070510864
heico__2045465,0.7578336000442505,0.8302174210548401,0.0723838210105896
heico__2045175,0.6449233889579773,0.9783754944801331,0.33345210552215576
heico__2079853,0.9454118013381958,0.9618719816207886,0.016460180282592773
heico__2041615,0.6396759152412415,0.6415700316429138,0.0018941164016723633
heico__2079723,0.9607090353965759,0.8533182144165039,-0.10739082098007202
heico__2045014,0.9664393067359924,0.990764319896698,0.024325013160705566
heico__2031426,0.6212427020072937,0.9217155575752258,0.30047285556793213
heico__2041224,0.8987813591957092,0.8872655034065247,-0.01151585578918457
heico__2045285,0.5292223691940308,0.7931216359138489,0.2638992667198181
heico__2041547,0.686760425567627,0.8984254002571106,0.21166497468948364
heico__2041302,0.5738914608955383,0.6107872128486633,0.036895751953125
heico__2045403,0.47723811864852905,0.8123551607131958,0.33511704206466675
heico__2041123,0.9600143432617188,0.9912372827529907,0.031222939491271973
heico__2045408,0.8721917271614075,0.9610413312911987,0.08884960412979126
heico__2079859,0.9813352227210999,0.9922308325767517,0.010895609855651855
heico__2031427,0.7037788033485413,0.8611465096473694,0.15736770629882812
heico__2031428,0.591048002243042,0.8897467851638794,0.2986987829208374
heico__2045466,0.471770316362381,0.9497449398040771,0.47797462344169617
heico__2045316,0.7960596084594727,0.8611841797828674,0.06512457132339478
heico__2031430,0.9618154764175415,0.9505478739738464,-0.011267602443695068
heico__2045450,0.8269698619842529,0.9918549656867981,0.16488510370254517
heico__2079865,0.5180901288986206,0.9687617421150208,0.45067161321640015
heico__2079866,0.862677812576294,0.9197207093238831,0.05704289674758911
heico__2045305,0.8641438484191895,0.10457754135131836,-0.7595663070678711
heico__2079887,0.9855983853340149,0.07982677221298218,-0.9057716131210327
heico__2045206,0.6509196162223816,0.03306635841727257,-0.617853257805109
heico__2184038,0.9862702488899231,0.9605627655982971,-0.025707483291625977
heico__2196980,0.5495650768280029,0.406390905380249,-0.1431741714477539
heico__2196981,0.6194924116134644,0.7698230147361755,0.15033060312271118
heico__2150397,0.5893110632896423,0.762451708316803,0.17314064502716064
heico__2148096,0.5794594883918762,0.6315781474113464,0.052118659019470215
heico__2150252,0.8514603972434998,0.005217567551881075,-0.8462428296916187
heico__2219531,0.4359901249408722,0.1886182427406311,-0.2473718822002411
heico__2219647,0.7471951246261597,0.391008198261261,-0.3561869263648987
heico__2250791,0.529062032699585,0.20972976088523865,-0.3193322718143463
heico__2221686,0.6499949097633362,0.2675807774066925,-0.3824141323566437
heico__2219738,0.5292810797691345,0.8464412093162537,0.31716012954711914
heico__2262249,0.884151816368103,0.5996751189231873,-0.28447669744491577
heico__2219551,0.7136088609695435,0.45116540789604187,-0.2624434530735016
heico__2221877,0.6250027418136597,0.1404932290315628,-0.48450951278209686
heico__2221743,0.9995240569114685,0.9673205018043518,-0.0322035551071167
heico__2298476,0.9316731691360474,0.24163395166397095,-0.6900392174720764
heico__2298529,0.6172061562538147,0.17975573241710663,-0.43745042383670807
heico__2278501,0.8048798441886902,0.1946546882390976,-0.6102251559495926
heico__2278502,0.9508081674575806,0.5031045079231262,-0.44770365953445435
heico__2278505,0.6494507193565369,0.41013309359550476,-0.2393176257610321
heico__2278507,0.8524330854415894,0.7155832052230835,-0.13684988021850586
heico__2278510,0.747361958026886,0.1614430993795395,-0.5859188586473465
heico__2298550,0.8752021789550781,0.7887404561042786,-0.08646172285079956
heico__2294506,0.3452630937099457,0.5516583323478699,0.2063952386379242
heico__2294556,0.9598059058189392,0.6573252081871033,-0.30248069763183594
heico__2294560,0.6466472148895264,0.6408421993255615,-0.005805015563964844
heico__2294561,0.9734681844711304,0.7026090025901794,-0.2708591818809509
heico__2298665,0.9724341630935669,0.8095123767852783,-0.16292178630828857
heico__2359425,0.6333580017089844,0.21079593896865845,-0.4225620627403259
heico__2298670,0.8423296809196472,0.8609402775764465,0.018610596656799316
heico__2359427,0.8744257688522339,0.8548204302787781,-0.01960533857345581
heico__2359428,0.7264581322669983,0.46264928579330444,-0.26380884647369385
heico__2294568,0.750852108001709,0.6168991923332214,-0.13395291566848755
heico__2359429,0.750628650188446,0.645378589630127,-0.10525006055831909
heico__2278511,0.9374327659606934,0.9034650921821594,-0.033967673778533936
heico__2359201,0.7453269362449646,0.6741816401481628,-0.07114529609680176
heico__2278512,0.8525156378746033,0.9094474911689758,0.05693185329437256
heico__2278513,0.9381376504898071,0.6670317053794861,-0.27110594511032104
heico__2278519,0.7281675338745117,0.244344100356102,-0.48382343351840973
heico__2298712,0.9300475120544434,0.4664888083934784,-0.46355870366096497
heico__2278520,0.972969114780426,0.6768338084220886,-0.2961353063583374
heico__2278521,0.9519198536872864,0.1041206568479538,-0.8477991968393326
heico__2278523,0.9311168193817139,0.4369538426399231,-0.49416297674179077
heico__2278525,0.9655620455741882,0.8659717440605164,-0.09959030151367188
heico__2278526,0.9928135275840759,0.9969867467880249,0.004173219203948975
heico__2298569,0.5163992047309875,0.5332257747650146,0.0168265700340271
heico__2298497,0.983354389667511,0.9904308915138245,0.0070765018463134766
heico__2298504,0.6471627950668335,0.20042799413204193,-0.44673480093479156
heico__2359441,0.9722014665603638,0.9490353465080261,-0.023166120052337646
heico__2359446,0.9596809148788452,0.9036552906036377,-0.05602562427520752
heico__2294431,0.4349648952484131,0.0993826687335968,-0.3355822265148163
heico__2294528,0.9412412047386169,0.8703335523605347,-0.07090765237808228
heico__2298486,0.48490944504737854,0.4187460243701935,-0.06616342067718506
heico__2294302,0.9157266020774841,0.6072880029678345,-0.30843859910964966
heico__2298659,0.8322559595108032,0.7506101727485657,-0.08164578676223755
heico__2298350,0.8451330661773682,0.5323609709739685,-0.31277209520339966
heico__2298543,0.6205613613128662,0.3854252099990845,-0.23513615131378174
heico__2298252,0.5449620485305786,0.9622158408164978,0.4172537922859192
heico__2383197,0.5979575514793396,0.8738307356834412,0.27587318420410156
heico__2298343,0.6462106108665466,0.9053532481193542,0.2591426372528076
heico__2383199,0.7251136898994446,0.8427354693412781,0.1176217794418335
heico__2278535,0.8326780796051025,0.9272048473358154,0.09452676773071289
heico__2278543,0.9897199869155884,0.993897020816803,0.0041770339012146
heico__2359163,0.9570257067680359,0.9497588276863098,-0.007266879081726074
heico__2298431,0.9884876012802124,0.8908714056015015,-0.09761619567871094
heico__2298597,0.9010232090950012,0.9364679455757141,0.03544473648071289
heico__2383211,0.4899042844772339,0.2481425553560257,-0.2417617291212082
heico__2298264,0.8957697153091431,0.5850229263305664,-0.31074678897857666
heico__2278563,0.6546334028244019,0.6757725477218628,0.021139144897460938
heico__2298353,0.921675443649292,0.5277527570724487,-0.39392268657684326
heico__2278578,0.6958056688308716,0.4312564730644226,-0.264549195766449
heico__2278579,0.8032554388046265,0.7070397734642029,-0.09621566534042358
heico__2298556,0.936512291431427,0.8873764872550964,-0.049135804176330566
heico__2298538,0.5559375882148743,0.35556092858314514,-0.20037665963172913
heico__2359381,0.41402608156204224,0.13422459363937378,-0.27980148792266846
heico__2298333,0.5834656953811646,0.255520224571228,-0.3279454708099365
heico__2405933,0.9463338255882263,0.9795047640800476,0.03317093849182129
heico__2405946,0.7973430156707764,0.9219203591346741,0.1245773434638977
heico__2405977,0.8995023369789124,0.05256657302379608,-0.8469357639551163
heico__2405978,0.8514299988746643,0.5578616857528687,-0.29356831312179565
heico__2405980,0.7544204592704773,0.037051256746053696,-0.7173692025244236
heico__2405996,0.9620842337608337,0.9572713971138,-0.004812836647033691
heico__2405999,0.9704936146736145,0.9839498996734619,0.013456284999847412
heico__2406000,0.9521217346191406,0.9521763920783997,5.46574592590332e-05
heico__2406007,0.946039080619812,0.7301328778266907,-0.21590620279312134
heico__2406021,0.7966470122337341,0.9663918614387512,0.1697448492050171
heico__2406028,0.8928050398826599,0.022968877106904984,-0.8698361627757549
heico__2406035,0.9735622406005859,0.44825980067253113,-0.5253024399280548
heico__2406051,0.9977543354034424,0.20129325985908508,-0.7964610755443573
heico__2406052,0.7977990508079529,0.9624384641647339,0.164639413356781
heico__2406059,0.8170902729034424,0.0019265084993094206,-0.815163764404133
heico__2452380,0.9732911586761475,0.07572340965270996,-0.8975677490234375
heico__2482815,0.8492746949195862,0.9671750664710999,0.11790037155151367
heico__2452837,0.9865633249282837,0.9978251457214355,0.011261820793151855
heico__2482985,0.5544089078903198,0.8280096650123596,0.2736007571220398
heico__2452670,0.691943883895874,0.3055265545845032,-0.38641732931137085
heico__2528987,0.7043222188949585,0.02535829320549965,-0.6789639256894588
heico__2529218,0.9947488307952881,0.43685340881347656,-0.5578954219818115
heico__2569522,0.7423621416091919,0.635094404220581,-0.10726773738861084
heico__2569549,0.49951833486557007,0.11015500128269196,-0.3893633335828781
heico__2525055,0.5070233941078186,0.6691941618919373,0.16217076778411865
heico__2525161,0.9042463302612305,0.6708738207817078,-0.2333725094795227
heico__2525017,0.4792706072330475,0.1504698544740677,-0.3288007527589798
heico__2529017,0.38636893033981323,0.33490848541259766,-0.051460444927215576
heico__2569553,0.42229172587394714,0.126453697681427,-0.29583802819252014
heico__2525180,0.40695706009864807,0.07943632453680038,-0.3275207355618477
heico__2615448,0.8457637429237366,0.7642539739608765,-0.08150976896286011
heico__2618667,0.8491346836090088,0.8127810955047607,-0.03635358810424805
heico__2657581,0.7965821027755737,0.7847170829772949,-0.011865019798278809
heico__2618415,0.961751401424408,0.6496972441673279,-0.3120541572570801
heico__2615752,0.9583484530448914,0.884425938129425,-0.07392251491546631
heico__2615580,0.6694952249526978,0.6685643792152405,-0.0009308457374572754
heico__2604725,0.7750512957572937,0.36370518803596497,-0.41134610772132874
heico__2604727,0.7938144207000732,0.25533023476600647,-0.5384841859340668
heico__2604728,0.8788543343544006,0.9987298250198364,0.11987549066543579
heico__2604729,0.9960193634033203,0.9837414026260376,-0.012277960777282715
heico__2604730,0.994024932384491,0.9928667545318604,-0.0011581778526306152
heico__2604731,0.9727197289466858,0.9993898868560791,0.02667015790939331
heico__2604732,0.9564926624298096,0.9941257834434509,0.03763312101364136
heico__2604733,0.9935140013694763,0.9649365544319153,-0.028577446937561035
heico__2604734,0.9192216992378235,0.9930650591850281,0.07384335994720459
heico__2604735,0.9800283312797546,0.9203889966011047,-0.0596393346786499
heico__2604736,0.9306141138076782,0.9562582969665527,0.02564418315887451
heico__2618631,0.9388123154640198,0.952484130859375,0.013671815395355225
heico__2618493,0.7906593680381775,0.7080547213554382,-0.08260464668273926
heico__2657802,0.9753329157829285,0.7717376351356506,-0.20359528064727783
heico__2657446,0.9135773777961731,0.28819024562835693,-0.6253871321678162
heico__2657466,0.6750739216804504,0.3692724406719208,-0.30580148100852966
heico__1973640,0.9135570526123047,0.8486314415931702,-0.06492561101913452
heico__2004346,0.8322367072105408,0.4369173049926758,-0.395319402217865
heico__2004381,0.5270760655403137,0.8375253081321716,0.3104492425918579
heico__2004384,0.9200552105903625,0.9827443361282349,0.06268912553787231
heico__2015580,0.8445411920547485,0.6340841054916382,-0.21045708656311035
heico__2015581,0.7362522482872009,0.41459470987319946,-0.32165753841400146
heico__2015582,0.5137649178504944,0.7357019186019897,0.22193700075149536
heico__2015585,0.7940542697906494,0.4046882092952728,-0.3893660604953766
heico__1975589,0.5520234704017639,0.5167538523674011,-0.03526961803436279
heico__1973775,0.9784247875213623,0.9002107977867126,-0.07821398973464966
lapchole__134160,0.525243878364563,0.04192669317126274,-0.48331718519330025
lapchole__620726,0.7014676332473755,0.3188679814338684,-0.3825996518135071
lapchole__616970,0.650784969329834,0.9974257946014404,0.34664082527160645
lapchole__685559,0.8644590973854065,0.8730369210243225,0.008577823638916016
lapchole__621133,0.979762077331543,0.96611487865448,-0.013647198677062988
lapchole__607052,0.9786784648895264,0.9302772879600525,-0.04840117692947388
lapchole__733714,0.8773148059844971,0.7520239353179932,-0.1252908706665039
lapchole__723120,0.8794440031051636,0.012434153817594051,-0.8670098492875695
lapchole__723128,0.9234026074409485,0.5291299223899841,-0.39427268505096436
lapchole__1001769,0.6163251996040344,0.8783865571022034,0.26206135749816895
lapchole__995573,0.6463797092437744,0.08496608585119247,-0.5614136233925819
lapchole__1129963,0.9175456762313843,0.8969340324401855,-0.02061164379119873
lapchole__1062838,0.9009590744972229,0.34041547775268555,-0.5605435967445374
lapchole__1067151,0.9803835153579712,0.7906168103218079,-0.18976670503616333
lapchole__1111637,0.5759643316268921,0.8230252265930176,0.2470608949661255
lapchole__1051221,0.9697977900505066,0.9878171682357788,0.018019378185272217
lapchole__1067273,0.9277063608169556,0.8413063883781433,-0.08639997243881226
lapchole__1051235,0.7968506813049316,0.7758253812789917,-0.02102530002593994
lapchole__1067251,0.7290410399436951,0.6765814423561096,-0.05245959758758545
lapchole__1150586,0.6345033645629883,0.38228699564933777,-0.2522163689136505
lapchole__1330241,0.926362156867981,0.06729274988174438,-0.8590694069862366
lapchole__1349333,0.8914880156517029,0.7000023722648621,-0.19148564338684082
lapchole__1349602,0.6490955948829651,0.31923288106918335,-0.32986271381378174
lapchole__1347581,0.7514971494674683,0.11828211694955826,-0.63321503251791
lapchole__1349671,0.6396365761756897,0.18049515783786774,-0.45914141833782196
lapchole__1881573,0.5204896926879883,0.04721773415803909,-0.4732719585299492
lapchole__1846100,0.5577555298805237,0.02032344788312912,-0.5374320819973946
lapchole__2487257,0.9571937918663025,0.9049332141876221,-0.05226057767868042
lapchole__2412113,0.6220091581344604,0.09501956403255463,-0.5269895941019058
lapchole__2427228,0.5282794237136841,0.02588539570569992,-0.5023940280079842
lapchole__2512881,0.9425135254859924,0.855016827583313,-0.08749669790267944
lapchole__2501739,0.753908097743988,0.9271419644355774,0.17323386669158936
lapchole__2662584,0.6834832429885864,0.15944954752922058,-0.5240336954593658
lapchole__2679368,0.6645233631134033,0.3214111924171448,-0.34311217069625854
lapchole__2700586,0.5782567858695984,0.1515340358018875,-0.4267227500677109
lapchole__2693256,0.9917775988578796,0.9851623773574829,-0.0066152215003967285
lapchole__2799820,0.9569773077964783,0.9049059748649597,-0.052071332931518555
lapchole__2947243,0.8378356695175171,0.7566958665847778,-0.08113980293273926
lapchole__3027874,0.36504653096199036,0.033881139010190964,-0.3311653919517994
lapchole__3494916,0.9985088109970093,0.020319506525993347,-0.9781893044710159
lapchole__4681380,0.7061055302619934,0.029183125123381615,-0.6769224051386118
lapchole__4700738,0.4726240932941437,0.3377845585346222,-0.13483953475952148
lapchole__4691526,0.7030712366104126,0.6752291917800903,-0.027842044830322266
lapchole__4691528,0.8792685866355896,0.4978693127632141,-0.3813992738723755
lapchole__4691531,0.977844774723053,0.8916757106781006,-0.08616906404495239
lapchole__4698961,0.9930198788642883,0.7899995446205139,-0.20302033424377441
lapchole__4923456,0.878801703453064,0.6640586256980896,-0.21474307775497437
lapchole__4950776,0.6179184317588806,0.15696243941783905,-0.46095599234104156
lapchole__4923914,0.5908644199371338,0.029273904860019684,-0.5615905150771141
